name,16.csv,18.csv,19.csv
16.csv,1,0.852174,0.086747
18.csv,0.852174,1,0.095339
19.csv,0.086747,0.095339,1
