name,11.csv,12.csv,6.csv,7.csv
11.csv,1,0.583333,0.0102608,0.055814
12.csv,0.583333,1,0.00598546,0.0325581
6.csv,0.0102608,0.00598546,1,0.183839
7.csv,0.055814,0.0325581,0.183839,1
