name,0.csv,1.csv,3.csv,4.csv,8.csv,9.csv
0.csv,1,0.835073,0.861282,0.816409,0.794955,0.794955
1.csv,0.835073,1,0.771273,0.739269,0.72156,0.72156
3.csv,0.861282,0.771273,1,0.927288,0.892152,0.892152
4.csv,0.816409,0.739269,0.927288,1,0.941448,0.941448
8.csv,0.794955,0.72156,0.892152,0.941448,1,1
9.csv,0.794955,0.72156,0.892152,0.941448,1,1
