name,2.csv,5.csv
2.csv,1,0.872842
5.csv,0.872842,1
