name,16.csv,18.csv,19.csv
16.csv,1,0.980068,0.199663
18.csv,0.980068,1,0.212504
19.csv,0.199663,0.212504,1
