name,0.csv,1.csv,13.csv,2.csv,3.csv,4.csv,5.csv,6.csv,7.csv,8.csv,9.csv
0.csv,1,0.859382,0.00155455,0.821109,0.903182,0.0908727,0.903182,0.797791,0.774909,0.00866364,0.532936
1.csv,0.859382,1,0.00122695,0.9361,0.807038,0.0202768,0.807038,0.726124,0.704391,0.00694338,0.491699
13.csv,0.00155455,0.00122695,1,0.00103896,0.00334311,0.137582,0.00334311,0.0162439,0.0162296,0.490157,0.00735294
2.csv,0.821109,0.9361,0.00103896,1,0.771162,0.0129221,0.771162,0.693953,0.672662,0.00578105,0.476458
3.csv,0.903182,0.807038,0.00334311,0.771162,1,0.0422763,1,0.855982,0.830831,0.0186315,0.543449
4.csv,0.0908727,0.0202768,0.137582,0.0129221,0.0422763,1,0.0422763,0.00870348,0.00672996,0.333222,0.00111863
5.csv,0.903182,0.807038,0.00334311,0.771162,1,0.0422763,1,0.855982,0.830831,0.0186315,0.543449
6.csv,0.797791,0.726124,0.0162439,0.693953,0.855982,0.00870348,0.855982,1,0.958477,0.0905291,0.624547
7.csv,0.774909,0.704391,0.0162296,0.672662,0.830831,0.00672996,0.830831,0.958477,1,0.0700837,0.645035
8.csv,0.00866364,0.00694338,0.490157,0.00578105,0.0186315,0.333222,0.0186315,0.0905291,0.0700837,1,0.0116257
9.csv,0.532936,0.491699,0.00735294,0.476458,0.543449,0.00111863,0.543449,0.624547,0.645035,0.0116257,1
