name,10.csv,11.csv,12.csv,15.csv,17.csv
10.csv,1,0.0934959,0.0934959,0.0682927,0.0642276
11.csv,0.0934959,1,1,0.857539,0.172835
12.csv,0.0934959,1,1,0.857539,0.172835
15.csv,0.0682927,0.857539,0.857539,1,0.19645
17.csv,0.0642276,0.172835,0.172835,0.19645,1
