name,13.csv,14.csv,15.csv,16.csv,17.csv,18.csv
13.csv,1,1,1,1,0.926759,0.926759
14.csv,1,1,1,1,0.926759,0.926759
15.csv,1,1,1,1,0.926759,0.926759
16.csv,1,1,1,1,0.926759,0.926759
17.csv,0.926759,0.926759,0.926759,0.926759,1,1
18.csv,0.926759,0.926759,0.926759,0.926759,1,1
