name,11.csv,12.csv,6.csv,7.csv
11.csv,1,0.674837,0.192071,0.236268
12.csv,0.674837,1,0.128313,0.156401
6.csv,0.192071,0.128313,1,0.772198
7.csv,0.236268,0.156401,0.772198,1
