name,0.csv,1.csv,3.csv,4.csv,8.csv,9.csv
0.csv,1,0.0258,0.2341,0.1405,0.0945,0.0945
1.csv,0.0258,1,0.0224233,0.0227552,0.0238298,0.0238298
3.csv,0.2341,0.0224233,1,0.600171,0.403674,0.403674
4.csv,0.1405,0.0227552,0.600171,1,0.672598,0.672598
8.csv,0.0945,0.0238298,0.403674,0.672598,1,1
9.csv,0.0945,0.0238298,0.403674,0.672598,1,1
