name,16.csv,18.csv,19.csv
16.csv,1,0.852174,0.0415704
18.csv,0.852174,1,0.0455005
19.csv,0.0415704,0.0455005,1
