name,13.csv,14.csv,15.csv,16.csv,17.csv,18.csv
13.csv,1,1,1,1,0.711111,0.711111
14.csv,1,1,1,1,0.711111,0.711111
15.csv,1,1,1,1,0.711111,0.711111
16.csv,1,1,1,1,0.711111,0.711111
17.csv,0.711111,0.711111,0.711111,0.711111,1,1
18.csv,0.711111,0.711111,0.711111,0.711111,1,1
