name,10.csv,11.csv,12.csv,15.csv,17.csv
10.csv,1,0.0507726,0.0507726,0.0422961,0.0407007
11.csv,0.0507726,1,1,0.730435,0.0424503
12.csv,0.0507726,1,1,0.730435,0.0424503
15.csv,0.0422961,0.730435,0.730435,1,0.0509349
17.csv,0.0407007,0.0424503,0.0424503,0.0509349,1
